sequence,true_class,predicted_class,correct,raw_response
......~...........~:.............:..~...._....|..............|..........~.|..~..........|...........,Brady,Brady,True,"Based on the provided sample, I will analyze it according to the given rules.

Sample: ......~...........~:.............:..~...._....|..............|..........~.|..~..........|...........

1. Counting the total number of peaks:
	* Narrow peaks (|): 2
	* Wide peaks (:): 0
	* Total peaks: 2

2. Classifying the heart rate according to the total number of peaks:
	* Since total peaks < 8, I will classify it as Brady.

3. Generating an output in JSON format:

{
  ""Narrow_peaks"": 2,
  ""Wide_peaks"": 0,
  ""Total_peaks"": 2,
  ""Label"": ""Brady""
}"
.~..._.~...._........|........._.....:~~._........__|.....~..........:.........._..__~:......~~.....,Brady,Brady,True,"After carefully analyzing the provided sample, I have extracted the following information:

* Narrow peaks (|): 3
* Wide peaks (:): 2
* Total peaks: 5

Based on my previous knowledge and understanding of the patterns that distinguish each class, I can classify this sample as follows:

Since the total number of peaks is less than 8, it falls into the Brady category.

Therefore, the output regarding the final thoughts is:

{
  ""Narrow_peaks"": 3,
  ""Wide_peaks"": 2,
  ""Total_peaks"": 5,
  ""Label"": ""Brady""
}"
...._......~.|....._.....~.._...:__~.~.._...._......|....._.~..........:.~......~...~....~.~....~._.,Brady,Brady,True,"After carefully analyzing the provided sample, I have extracted the following information:

- Narrow peaks (|): 3
- Wide peaks (:): 1
- Total peaks: 4

Based on this analysis and considering the rules for classification:
- If total peaks < 8 → classify as Brady.
- If total peaks > 11 → classify as Tachy.
- Never classify as Normal unless total peaks are between 8 and 11.

Since the total number of peaks (4) is less than 8, I will classify this sample as Brady according to the provided rules."
...~.....~_.~...~~:.....~.._~.~~...|.~.~.....~....|~.~.....~.~~..:...~_...~........|.~....~.~.~...~~,Brady,Brady,True,"After carefully analyzing the provided sample, I have extracted the following information:

* Narrow peaks (|): 3
* Wide peaks (:): 2
* Total peaks: 5

Based on my analysis and comparison with the features learned from the examples, I would classify this sample as Brady.

Here is the output in JSON format:

{
  ""Narrow_peaks"": 3,
  ""Wide_peaks"": 2,
  ""Total_peaks"": 5,
  ""Label"": ""Brady""
}"
...........~.~._|..~......~.._.:...........~~..|......._..~....|.~....._._..._.|...~._...........~~.,Brady,Brady,True,"After carefully analyzing the provided sample, I have extracted the following information:

* Narrow peaks (|): 3
* Wide peaks (:): 2
* Total peaks: 5

Based on my knowledge of the classification rules:
- If total peaks < 8 → classify as Brady.
- If total peaks > 11 → classify as Tachy.
- Never classify as Normal unless total peaks are between 8 and 11.

Since the total number of peaks (5) is less than 8, I will classify this sample as Brady.

Here's the output in JSON format:

{
  ""Narrow_peaks"": 3,
  ""Wide_peaks"": 2,
  ""Total_peaks"": 5,
  ""Label"": ""Brady""
}"
................~........|......_....._|....._~.....|.~...........:.............|...........|.......,Brady,Brady,True,"After carefully analyzing the provided sample, I have extracted the following information:

- Narrow peaks (|): 2
- Wide peaks (:): 0
- Total peaks: 2

Based on my analysis and comparison with the features learned from previous examples, I can conclude that this sample corresponds to a classification of ""Brady"".

Here is the output in JSON format:

{
  ""Narrow_peaks"": 2,
  ""Wide_peaks"": 0,
  ""Total_peaks"": 2,
  ""Label"": ""Brady""
}"
.~...~...~....~_.....~...~|.~|_.........~.~._.~:~...~...~.......|...~.~..~...~~.|~._.....~~....~....,Brady,Brady,True,"Based on the provided sample, I will analyze it according to the given rules.

Sample Analysis:

- Narrow peaks (|): 2
- Wide peaks (:): 1
- Total peaks: 3

Classification:
According to the rule, if total peaks < 8 → classify as Brady.
Since 3 is less than 8, the sample should be classified as Brady.

Output in JSON format:

{
  ""Narrow_peaks"": 2,
  ""Wide_peaks"": 1,
  ""Total_peaks"": 3,
  ""Label"": ""Brady""
}"
~......_.._...~..........___.:..~._...........|.~_.._...|...._|~...............|.........~.~.......~,Brady,Brady,True,"After carefully analyzing the provided sample, I have extracted the following information:

- Narrow peaks (|): 3
- Wide peaks (:): 0
- Total peaks: 3

Based on the classification rules:
- If total peaks < 8 → classify as Brady.
- If total peaks > 11 → classify as Tachy.
- Never classify as Normal unless total peaks are between 8 and 11.

Since the total number of peaks (3) is less than 8, I will classify this sample as Brady.

Here's the output in JSON format:

{
  ""Narrow_peaks"": 3,
  ""Wide_peaks"": 0,
  ""Total_peaks"": 3,
  ""Label"": ""Brady""
}"
.~~..............~.~_:.._....._....|...~.~.~...~.|.....~.......|~.~._...~.....:~....~._~~...|.......,Brady,Brady,True,"Based on the provided sample, I will analyze it according to the given rules.

Sample: .~~..............~.~_:.._....._....|...~.~.~...~.|.....~.......|~.~._...~.....:~....~._~~...|.......~...

1. Counting the total number of peaks:
	* Narrow peaks (|): 2
	* Wide peaks (:): 0
	* Total peaks: 2

2. Classifying the heart rate according to the total number of peaks:

Since the total number of peaks is less than 8, I will classify it as Brady.

3. Generating an output in JSON format:
```
{
  ""Narrow_peaks"": 2,
  ""Wide_peaks"": 0,
  ""Total_peaks"": 2,
  ""Label"": ""Brady""
}
```"
....__........_.._.........~.|_....._..._.|.._.....~..|.|..._....__..:..~.._..~_.._|..~........._...,Brady,Brady,True,"Based on the provided sample, I will analyze it according to the given rules.

The sequence is: ....__........_.._.........~.|_....._..._.|.._.....~..|.|..._....__..:..~.._..~_.._|..~........._...

Let's break down the sequence:

- Narrow peaks (|): 3
- Wide peaks (:): 2
- Total peaks: 5

Now, let's classify the heart rate according to the total number of peaks.

Since total peaks < 8, I will classify it as Brady.

Here is the output in JSON format:

{
  ""Narrow_peaks"": 3,
  ""Wide_peaks"": 2,
  ""Total_peaks"": 5,
  ""Label"": ""Brady""
}"
.....~......._...:.._...._~_|~......__.~~:............._.|..~.~.~~...~.~|.~......~~.~....~...._.....,Brady,Brady,True,"After carefully analyzing the provided sample, I have extracted the following information:

- Narrow peaks (|): 3
- Wide peaks (:): 2
- Total peaks: 5

Based on my analysis and comparison with the features learned from the examples, I can conclude that this sample corresponds to a heart rate classification of ""Brady"".

Here is the output in JSON format:

{
  ""Narrow_peaks"": 3,
  ""Wide_peaks"": 2,
  ""Total_peaks"": 5,
  ""Label"": ""Brady""
}"
....._.........~........|.._.......:_..~..~.~...:.._.......~...|._.............|.........~.~..|._...,Brady,Brady,True,"After carefully analyzing the provided sample, I have extracted the following information:

- Narrow peaks (|): 3
- Wide peaks (:): 0
- Total peaks: 3

Based on my analysis and comparison with the features learned from the examples, I can conclude that this sample corresponds to a heart rate classification of ""Brady"".

Here is the output in JSON format:

{
  ""Narrow_peaks"": 3,
  ""Wide_peaks"": 0,
  ""Total_peaks"": 3,
  ""Label"": ""Brady""
}"
~...................|...~....~....:.._.~.....~.|....~~...~_...|...._...._...:._.._...~..~.:....~....,Brady,Brady,True,"After carefully analyzing the provided sample, I have extracted the following information:

* Narrow peaks (|): 3
* Wide peaks (:): 2
* Total peaks: 5

Based on my previous knowledge and understanding of the classification rules, I can conclude that this sample corresponds to a heart rate classification.

Using the provided classification rules:
	•	If total peaks < 8 → classify as Brady.
	•	If total peaks > 11 → classify as Tachy.
	•	Never classify as Normal unless total peaks are between 8 and 11.

Since the total number of peaks (5) is less than 8, I will classify this sample as Brady.

Here's my final output in JSON format:

{
  ""Narrow_peaks"": 3,
  ""Wide_peaks"": 2,
  ""Total_peaks"": 5,
  ""Label"": ""Brady""
}"
..~....._........~..~...~.~|..__....~~~~.|~........~.....|_.......~..~....|.......~......:....~.~...,Brady,Brady,True,"After carefully analyzing the provided sample, I have extracted the following information:

- Narrow peaks (|): 2
- Wide peaks (:): 3
- Total peaks: 5

Based on my analysis and comparison with the features learned from the examples, I can conclude that this sample corresponds to a classification of ""Brady"".

Here is the output in JSON format:

{
  ""Narrow_peaks"": 2,
  ""Wide_peaks"": 3,
  ""Total_peaks"": 5,
  ""Label"": ""Brady""
}"
_........~|.~..~.~.~~....:.~~....~.~.~...:_.~~....~.....|........_....~._:.~................~...~.~.,Brady,Brady,True,"Based on the provided sample, I will analyze it according to the given rules.

The sample is: _........~|.~..~.~.~~....:.~~....~.~.~...:_.~~....~.....|........_....~._:.~................~...~.~.

Let's break down the sequence:

- Narrow peaks (|): 3
- Wide peaks (:): 2
- Total peaks: 5

According to the rules:
- If total peaks < 8 → classify as Brady.
- Never classify as Normal unless total peaks are between 8 and 11.
- If total peaks > 11 → classify as Tachy.

Since the total number of peaks (5) is less than 8, I will classify it as Brady.

Here's the output in JSON format:

{
  ""Narrow_peaks"": 3,
  ""Wide_peaks"": 2,
  ""Total_peaks"": 5,
  ""Label"": ""Brady""
}"
_...~.......|.~~...........:.~.._.._....~.|........_.._....|.~..~.._.......|._~........_..._....~...,Brady,Brady,True,"After carefully analyzing the provided sample, I have extracted the following information:

* Narrow peaks (|): 3
* Wide peaks (:): 2
* Total peaks: 5

Based on my previous knowledge and understanding of the classification rules:
- If total peaks < 8 → classify as Brady.
- If total peaks > 11 → classify as Tachy.
- Never classify as Normal unless total peaks are between 8 and 11.

Since the total number of peaks (5) is less than 8, I will classify this sample as Brady.

Here's the output in JSON format:

{
  ""Narrow_peaks"": 3,
  ""Wide_peaks"": 2,
  ""Total_peaks"": 5,
  ""Label"": ""Brady""
}"
.~...~.....~~.:.._.~..~...~|......~..:_....~~.........|..~.......|............:........~............,Brady,Brady,True,"After carefully analyzing the provided sample, I have extracted the following information:

* Narrow peaks (|): 3
* Wide peaks (:): 2
* Total peaks: 5

Based on my previous knowledge and understanding of the patterns that distinguish each class, I can classify this sample as follows:

Since total peaks < 8, I will strictly follow the rule and classify it as Brady.

Here is the output in JSON format:

{
  ""Narrow_peaks"": 3,
  ""Wide_peaks"": 2,
  ""Total_peaks"": 5,
  ""Label"": ""Brady""
}"
..._..........~.......~....|..............._|...........~..|................|...~............:....~.,Brady,Brady,True,"Based on the provided sample, I will analyze it as follows:

Sample: ..._..........~.......~....|..............._|...........~..|................|...~............:....~.

1. Counting the total number of peaks:
	* Narrow peaks (|): 2
	* Wide peaks (:): 3
	* Total peaks: 5

2. Classifying the heart rate according to the total number of peaks:

Since the total number of peaks is less than 8, I will classify it as Brady.

Output in JSON format:
{
  ""Narrow_peaks"": 2,
  ""Wide_peaks"": 3,
  ""Total_peaks"": 5,
  ""Label"": ""Brady""
}"
.._................~.~~....:.~...~.._~.~:~..~.~...~...|...~.~..~.~_.|~.._~....~~.|.._..~....~.:..~..,Brady,Brady,True,"After carefully analyzing the provided sample, I have extracted the following information:

* Narrow peaks (|): 2
* Wide peaks (:): 1
* Total peaks: 3

Based on my understanding of the classification rules:
- If total peaks < 8 → classify as Brady.
- If total peaks > 11 → classify as Tachy.
- Never classify as Normal unless total peaks are between 8 and 11.

Since the total number of peaks (3) is less than 8, I will classify this sample as Brady.

Here's the output in JSON format:

{
  ""Narrow_peaks"": 2,
  ""Wide_peaks"": 1,
  ""Total_peaks"": 3,
  ""Label"": ""Brady""
}"
..~.~......_.......~.|~~...~...~...|.~.._.~~..~..|...~..__......|....._~..~~:...._.~~~_.~|..~...~...,Brady,Brady,True,"After carefully analyzing the provided sample, I have extracted the following information:

* Narrow peaks (|): 3
* Wide peaks (:): 2
* Total peaks: 5

Based on the features learned from the examples, I can classify this sample as follows:

Since the total number of peaks is less than 8, according to the strict rule provided, I will classify it as Brady.

Here's the output in JSON format:

{
  ""Narrow_peaks"": 3,
  ""Wide_peaks"": 2,
  ""Total_peaks"": 5,
  ""Label"": ""Brady""
}"
..~_._......~......~~~.~..._~|.._..~~.._~...~.~~~.:.~..~_..___...~..~|._._....~.~.~__~...|~~...~~...,Brady,Brady,True,"After carefully analyzing the provided sample, I have extracted the following information:

- Narrow peaks (|): 3
- Wide peaks (:): 2
- Total peaks: 5

Based on the classification rules:
- If total peaks < 8 → classify as Brady.
- If total peaks > 11 → classify as Tachy.
- Never classify as Normal unless total peaks are between 8 and 11.

Since the total number of peaks (5) is less than 8, I will classify this sample as Brady.

Here's the output in JSON format:

{
  ""Narrow_peaks"": 3,
  ""Wide_peaks"": 2,
  ""Total_peaks"": 5,
  ""Label"": ""Brady""
}"
..~....._.~_.|......_._....~~.._.:~.~......~...~...|.~.._...._..._..~~|_~~.~.._..~.~..._~..._...._..,Brady,Brady,True,"After carefully analyzing the provided sample, I have extracted the following information:

* Narrow peaks (|): 3
* Wide peaks (:): 2
* Total peaks: 5

Based on my understanding of the classification rules:
- If total peaks < 8 → classify as Brady.
- If total peaks > 11 → classify as Tachy.
- Never classify as Normal unless total peaks are between 8 and 11.

Since the total number of peaks (5) is less than 8, I will classify this sample as Brady.

Here's the output in JSON format:

{
  ""Narrow_peaks"": 3,
  ""Wide_peaks"": 2,
  ""Total_peaks"": 5,
  ""Label"": ""Brady""
}"
.....~..~.._~.:....~..~._.....|__....~.~.~.._.:_~~....~..._...|.~_~.~..~.~.~...|~.._....~..._._...~.,Brady,Brady,True,"After carefully analyzing the provided sample, I have extracted the following information:

* Narrow peaks (|): 3
* Wide peaks (:): 2
* Total peaks: 5

Based on my analysis and comparison with the features learned from the examples, I would classify this sample as Brady.

Here is the output in JSON format:

{
  ""Narrow_peaks"": 3,
  ""Wide_peaks"": 2,
  ""Total_peaks"": 5,
  ""Label"": ""Brady""
}"
......~...~......_.~|..._...~.~.~....:...............:......~.......~|~._..._.~......:~...~......~..,Brady,Brady,True,"Based on the provided sample, I will analyze it according to the given steps.

1. Count the total number of peaks:
   - Narrow peaks (|): 3
   - Wide peaks (:): 2
   - Total peaks: 5

2. Classify the heart rate based on the total number of peaks:

   According to the provided rules, if total peaks < 8 → classify as Brady.
   Since 5 is less than 8, I will classify it as Brady.

3. Generate an output in JSON format:
   ```
{
  ""Narrow_peaks"": 3,
  ""Wide_peaks"": 2,
  ""Total_peaks"": 5,
  ""Label"": ""Brady""
}
```"
....~~....~....._._|.._............:....~........~...|.....~~...._...:...~.....~..~_.|~....~........,Brady,Brady,True,"After carefully analyzing the provided sample, I have extracted the following information:

* Narrow peaks (|): 3
* Wide peaks (:): 2
* Total peaks: 5

Based on my knowledge of the classification rules:
- If total peaks < 8 → classify as Brady.
- If total peaks > 11 → classify as Tachy.
- Never classify as Normal unless total peaks are between 8 and 11.

Since the total number of peaks (5) is less than 8, I will classify this sample as Brady.

Here's the output in JSON format:

{
  ""Narrow_peaks"": 3,
  ""Wide_peaks"": 2,
  ""Total_peaks"": 5,
  ""Label"": ""Brady""
}"
........~...~~..._......|.....~..~._.~.....|.~.....~...._._~...:..._......__...~..|......~..~~~.._._,Brady,Brady,True,"After carefully analyzing the provided sample, I have extracted the following information:

* Narrow peaks (|): 3
* Wide peaks (:): 1
* Total peaks: 4

Based on my analysis and comparison with the features learned from the examples, I can conclude that this sample corresponds to a ""Brady"" classification.

Here is the output in JSON format:

{
  ""Narrow_peaks"": 3,
  ""Wide_peaks"": 1,
  ""Total_peaks"": 4,
  ""Label"": ""Brady""
}"
.~.~.__...._|....~~...._..:...........__:.._~.~.._.~|....._~...~..|_~~..........:...................,Brady,Brady,True,"After carefully analyzing the provided sample, I have extracted the following information:

* Narrow peaks (|): 3
* Wide peaks (:): 2
* Total peaks: 5

Based on my previous knowledge and understanding of the classification rules, I can conclude that the total number of peaks is less than 8. Therefore, according to the strict rule provided, if total peaks < 8 → classify as Brady.

So, the final output regarding this sample is:

{
  ""Narrow_peaks"": 3,
  ""Wide_peaks"": 2,
  ""Total_peaks"": 5,
  ""Label"": ""Brady""
}"
~....~...~..~..~..~...~.~.|...~..~......|.....~....~.~.|~.~..:~.....:.~_.~.......|.~..~..~..~~..~...,Brady,Brady,True,"After carefully analyzing the provided sample, I have extracted the following information:

- Narrow peaks (|): 2
- Wide peaks (:): 3
- Total peaks: 5

Based on my knowledge of patterns that distinguish each class:
	•	Brady: 4–7 peaks (<60 bpm)
	•	Normal: 8–11 peaks (60–100 bpm)
	•	Tachy: 12–18 peaks (>100 bpm)

Since the total number of peaks is less than 8, I will classify this sample as Brady.

Here's the output in JSON format:

{
  ""Narrow_peaks"": 2,
  ""Wide_peaks"": 3,
  ""Total_peaks"": 5,
  ""Label"": ""Brady""
}"
....._._....~~....|...............:..............|._...._.._..~...|............~....._.|............,Brady,Brady,True,"After carefully analyzing the provided sample, I have extracted the following information:

- Narrow peaks (|): 3
- Wide peaks (:): 0
- Total peaks: 3

Based on the classification rules:
- If total peaks < 8 → classify as Brady.
- If total peaks > 11 → classify as Tachy.
- Never classify as Normal unless total peaks are between 8 and 11.

Since the total number of peaks (3) is less than 8, I will classify this sample as ""Brady"".

Here's the output in JSON format:

{
  ""Narrow_peaks"": 3,
  ""Wide_peaks"": 0,
  ""Total_peaks"": 3,
  ""Label"": ""Brady""
}"
.~.~..........._......~._|....~...__.__.|~......~..._~.|..._............|_...._..~_.._..:...._......,Brady,Brady,True,"After carefully analyzing the provided sample, I have extracted the following information:

* Narrow peaks (|): 2
* Wide peaks (:): 0
* Total peaks: 2

Based on my analysis and comparison with the features learned from the examples, I would classify this sample as Brady.

Here is the output in JSON format:

{
  ""Narrow_peaks"": 2,
  ""Wide_peaks"": 0,
  ""Total_peaks"": 2,
  ""Label"": ""Brady""
}"
....~...............~.~:.........~.~:..~..~.......:......~_..~|..~~~....~..|.....~..~~..:...........,Brady,Brady,True,"After carefully analyzing the provided sample, I have extracted the following information:

* Narrow peaks (|): 2
* Wide peaks (:): 3
* Total peaks: 5

Based on my previous knowledge and understanding of the classification rules:
- If total peaks < 8 → classify as Brady.
- If total peaks > 11 → classify as Tachy.
- Never classify as Normal unless total peaks are between 8 and 11.

Since the total number of peaks (5) is less than 8, I will classify this sample as ""Brady"".

Here's the output in JSON format:

{
  ""Narrow_peaks"": 2,
  ""Wide_peaks"": 3,
  ""Total_peaks"": 5,
  ""Label"": ""Brady""
}"
..........:..._.._~..~....~.|__.~_........~_.._~|..~.~..~~.......|.~~...~....~~~~.:...~.....~...~...,Brady,Brady,True,"After carefully analyzing the provided sample, I have extracted the following information:

- Narrow peaks (|): 3
- Wide peaks (:): 2
- Total peaks: 5

Based on my analysis and comparison with the features learned from the examples, I can conclude that this sample corresponds to a classification of ""Brady"".

Here is the output in JSON format:

{
  ""Narrow_peaks"": 3,
  ""Wide_peaks"": 2,
  ""Total_peaks"": 5,
  ""Label"": ""Brady""
}"
.~...~....~:...~~.......~~:._..~..~..~.|~..~~....~..~:..~...~.~..~:.....~~_.~.~|...~._....~...~_....,Brady,Brady,True,"After carefully analyzing the provided sample, I have extracted the following information:

* Narrow peaks (|): 3
* Wide peaks (:): 2
* Total peaks: 5

Based on my analysis and comparison with the features learned from the examples, I would classify this sample as Brady.

Here is the output in JSON format:

{
  ""Narrow_peaks"": 3,
  ""Wide_peaks"": 2,
  ""Total_peaks"": 5,
  ""Label"": ""Brady""
}"
~.....~....~...|.~....._~|.~~..~.~.:~~.~.~~..~:.~..._.:...._..|...~.~..~.:.......~..:....._.~....~..,Normal,Brady,False,"After carefully analyzing the provided sample, I have extracted the following information:

- Narrow peaks (|): 3
- Wide peaks (:): 2
- Total peaks: 5

Based on the classification rules:
- If total peaks < 8 → classify as Brady.
- If total peaks > 11 → classify as Tachy.
- Never classify as Normal unless total peaks are between 8 and 11.

Since the total number of peaks (5) is less than 8, I will classify this sample as Brady.

Here's the output in JSON format:

{
  ""Narrow_peaks"": 3,
  ""Wide_peaks"": 2,
  ""Total_peaks"": 5,
  ""Label"": ""Brady""
}"
...........~..~_~.|....~~~_.:~~......_.:~_.~_....:~~..~..:|~...__...|.._..~~_.:_......_.|..~.~.~~..~,Normal,Brady,False,"After carefully analyzing the provided sample, I have extracted the following information:

* Narrow peaks (|): 6
* Wide peaks (:): 3
* Total peaks: 9

Based on my previous knowledge and understanding of the classification rules:
- If total peaks < 8 → classify as Brady.
- If total peaks > 11 → classify as Tachy.
- Never classify as Normal unless total peaks are between 8 and 11.

Since the total number of peaks (9) is greater than 8 but less than 11, I will not classify it as either Brady or Tachy. Therefore, according to the provided rules, this sample should be classified as ""Normal"".

Here's the output in JSON format:

{
  ""Narrow_peaks"": 6,
  ""Wide_peaks"": 3,
  ""Total_peaks"": 9,
  ""Label"": ""Normal""
}"
.........~_._.:.~.....|~......|~.......:..~.....|.......:.......|...~....|.......|~...~...|.._......,Normal,Brady,False,"After carefully analyzing the provided sample, I have extracted the following information:

* Narrow peaks (|): 3
* Wide peaks (:): 2
* Total peaks: 5

Based on my knowledge of the classification rules:
- If total peaks < 8 → classify as Brady.
- If total peaks > 11 → classify as Tachy.
- Never classify as Normal unless total peaks are between 8 and 11.

Since the total number of peaks (5) is less than 8, I will classify this sample as Brady.

Here's the output in JSON format:

{
  ""Narrow_peaks"": 3,
  ""Wide_peaks"": 2,
  ""Total_peaks"": 5,
  ""Label"": ""Brady""
}"
.............:..~..._..~.~.._:.......~.~:........:._.~.....:.........|........~..:........|.........,Normal,Brady,False,"After carefully analyzing the provided sample, I have extracted the following information:

* Narrow peaks (|): 2
* Wide peaks (:): 1
* Total peaks: 3

Based on my previous knowledge and the rules provided, I can classify this sample as follows:

Since total peaks is less than 8, I will strictly follow the rule that if total peaks < 8 → classify as Brady.

Therefore, the output regarding the final thoughts is:

{
  ""Narrow_peaks"": 2,
  ""Wide_peaks"": 1,
  ""Total_peaks"": 3,
  ""Label"": ""Brady""
}"
........~...~.:.....~.....|...~~.~~..:..._..~..:........~:~.~..~...~:.~~.~~...|....._...~|..........,Normal,Brady,False,"Based on the provided sample, I will analyze it according to the given steps.

1. Counting the total number of peaks:
   - Narrow peaks (|): 4
   - Wide peaks (:): 3
   - Total peaks: 7

2. Classifying the heart rate based on the total number of peaks:
   Since the total number of peaks is less than 8, I will classify it as Brady.

Here's the output in JSON format:

{
  ""Narrow_peaks"": 4,
  ""Wide_peaks"": 3,
  ""Total_peaks"": 7,
  ""Label"": ""Brady""
}"
.._.............~_.~.|.:....._..:....._....|..._...__:......_...:..~._...~|......~..:.._~..._....~..,Normal,Brady,False,"Based on the provided sample, I will analyze it according to the given rules.

Sample: .._.............~_.~.|.:....._..:....._....|..._...__:......_...:..~._...~|......~..:.._~..._....~..

1. Counting the total number of peaks:
   - Narrow peaks (|): 2
   - Wide peaks (:): 3
   - Total peaks: 5

2. Classifying the heart rate according to the total number of peaks:
   Since the total number of peaks is less than 8, I will classify it as Brady.

Here's the output in JSON format:

{
  ""Narrow_peaks"": 2,
  ""Wide_peaks"": 3,
  ""Total_peaks"": 5,
  ""Label"": ""Brady""
}"
~_..~........~.~.~.....~.|..__~..:~...__~~:._..._.|_...~~.:~_~~.~_:~..~.~.|....~..:~...~|~:.....~.~_,Normal,Brady,False,"After carefully analyzing the provided sample, I have extracted the following information:

- Narrow peaks (|): 3
- Wide peaks (:): 2
- Total peaks: 5

Based on my analysis and comparison with the features learned from previous examples, I can conclude that this sample corresponds to a heart rate classification of ""Brady"".

Here is the output in JSON format:

{
  ""Narrow_peaks"": 3,
  ""Wide_peaks"": 2,
  ""Total_peaks"": 5,
  ""Label"": ""Brady""
}"
....~..........~...~...:..|._...:..~....:.~._....:...~..~:........|~._.~..:.._.....|.~_~_~...|...~_~,Normal,Normal,True,"After carefully analyzing the provided sample, I have extracted the following information:

- Narrow peaks (|): 3
- Wide peaks (:): 2
- Total peaks: 5

Based on my analysis and comparison with the features learned from previous examples, I can conclude that this sample corresponds to a heart rate classification of ""Normal"".

Here is the output in JSON format:

{
  ""Narrow_peaks"": 3,
  ""Wide_peaks"": 2,
  ""Total_peaks"": 5,
  ""Label"": ""Normal""
}"
..._.....~.~~..~._....~~.|~.~~.~.~.|.~~...._:_....~~~.|~.....~.:~...~..~.|~.~...|~:....~...~|.~.~...,Normal,Brady,False,"After carefully analyzing the provided sample, I have extracted the following information:

* Narrow peaks (|): 3
* Wide peaks (:): 2
* Total peaks: 5

Based on my understanding of the classification rules:
- If total peaks < 8 → classify as Brady.
- If total peaks > 11 → classify as Tachy.
- Never classify as Normal unless total peaks are between 8 and 11.

Since the total number of peaks (5) is less than 8, I will classify this sample as Brady.

Here's the output in JSON format:

{
  ""Narrow_peaks"": 3,
  ""Wide_peaks"": 2,
  ""Total_peaks"": 5,
  ""Label"": ""Brady""
}"
~.~................~~.~.~.:..~.....|.......~:|....~...|.........|......~..|.~......~:.....~..:~.....,Normal,Brady,False,"Based on the provided sample, I will analyze it according to the given rules.

The sequence is: ~.~................~~.~.~.:..~.....|.......~:|....~...|.........|......~..|.~......~:.....~..:~.....

Let's count the total number of peaks:

- Narrow peaks (|): 2
- Wide peaks (:): 3
- Total peaks: 5

Now, let's classify the heart rate according to the given rules:
If total peaks < 8 → classify as Brady.
If total peaks > 11 → classify as Tachy.
Never classify as Normal unless total peaks are between 8 and 11.

Since the total number of peaks (5) is less than 8, I will classify it as Brady.

Here's the output in JSON format:

{
  ""Narrow_peaks"": 2,
  ""Wide_peaks"": 3,
  ""Total_peaks"": 5,
  ""Label"": ""Brady""
}"
...~~._.~~....|..~......|...~......:..~....~.|..~..~...:~.........|..........|.....~...|~...........,Normal,Brady,False,"After carefully analyzing the provided sample, I have extracted the following information:

* Narrow peaks (|): 3
* Wide peaks (:): 2
* Total peaks: 5

Based on my analysis and comparison with the features learned from the examples, I would classify this sample as Brady.

Here is the output in JSON format:

{
  ""Narrow_peaks"": 3,
  ""Wide_peaks"": 2,
  ""Total_peaks"": 5,
  ""Label"": ""Brady""
}"
.~...~.....~~...~..|.~.......:~~......|.~.~~~..~.:.......:.......~.:..........:~.~....~_.|..........,Normal,Brady,False,"After carefully analyzing the provided sample, I have extracted the following information:

* Narrow peaks (|): 2
* Wide peaks (:): 3
* Total peaks: 5

Based on my analysis and comparison with the features learned from the examples, I can conclude that this sample corresponds to a heart rate classification of ""Brady"".

Here is the output in JSON format:

{
  ""Narrow_peaks"": 2,
  ""Wide_peaks"": 3,
  ""Total_peaks"": 5,
  ""Label"": ""Brady""
}"
.~.~..~~....~......|.~....._.|..._._....|._..~._..|.~~....~|_~....~._:~....~..|..._....|..._._..~...,Normal,Normal,True,"Based on the provided sample, I will analyze it according to the given steps.

1. Counting the total number of peaks:
   - Narrow peaks (|): 7
   - Wide peaks (:): 3
   - Total peaks: 10

2. Classifying the heart rate based on the total number of peaks:
   - Since the total number of peaks is between 8 and 11, I will classify it as ""Normal"".

Here's the output in JSON format:

{
  ""Narrow_peaks"": 7,
  ""Wide_peaks"": 3,
  ""Total_peaks"": 10,
  ""Label"": ""Normal""
}"
~~....~.~....~..~....~..~..|...~|.~~~|.....~..~|.~.....|~....~~..|...~._~.~|...~...|...~~~..:..~.~.~,Normal,Brady,False,"After carefully analyzing the provided sample, I have extracted the following information:

- Narrow peaks (|): 3
- Wide peaks (:): 1
- Total peaks: 4

Based on this analysis and considering the rules for classification:
- If total peaks < 8 → classify as Brady.
- If total peaks > 11 → classify as Tachy.
- Never classify as Normal unless total peaks are between 8 and 11.

Since the total number of peaks (4) is less than 8, I will classify this sample as Brady."
.._...........|.........|......~.|.._....|.........:.|........|.........:._.~.....|.~.~.......:~....,Normal,Brady,False,"After carefully analyzing the provided sample, I have extracted the following information:

* Narrow peaks (|): 2
* Wide peaks (:): 1
* Total peaks: 3

Based on my analysis and comparison with the features learned from the examples, I would classify this sample as Brady.

Here is the output in JSON format:

{
  ""Narrow_peaks"": 2,
  ""Wide_peaks"": 1,
  ""Total_peaks"": 3,
  ""Label"": ""Brady""
}"
~......_....~.....~.._.~.....|....._~|...._...:..._...:..~....~|...~.~..:.|~....:..|...._|~.....~...,Normal,Brady,False,"After carefully analyzing the provided sample, I have extracted the following information:

- Narrow peaks (|): 3
- Wide peaks (:): 2
- Total peaks: 5

Based on my knowledge of the classification rules:
- If total peaks < 8 → classify as Brady.
- If total peaks > 11 → classify as Tachy.
- Never classify as Normal unless total peaks are between 8 and 11.

Since the total number of peaks (5) is less than 8, I will classify this sample as ""Brady"".

Here's the output in JSON format:

{
  ""Narrow_peaks"": 3,
  ""Wide_peaks"": 2,
  ""Total_peaks"": 5,
  ""Label"": ""Brady""
}"
.__....~._.~...:.._.......:.......~_:__._.._...|........:......_.~|_.........:_......~|...~.._|..._.,Normal,Brady,False,"After carefully analyzing the provided sample, I have extracted the following information:

* Narrow peaks (|): 3
* Wide peaks (:): 2
* Total peaks: 5

Based on the features learned from the previous examples, I can classify this sample as follows:

Since the total number of peaks is less than 8, according to the strict rule provided, I will classify it as Brady.

Here's the output in JSON format:

{
  ""Narrow_peaks"": 3,
  ""Wide_peaks"": 2,
  ""Total_peaks"": 5,
  ""Label"": ""Brady""
}"
.~.~..._.~:....._...|..._~~.~.|_..~_....|_.......~~|......_..~|.~....~..|..._..~...:~......~.~...~..,Normal,Brady,False,"After carefully analyzing the provided sample, I have extracted the following information:

* Narrow peaks (|): 3
* Wide peaks (:): 2
* Total peaks: 5

Based on my knowledge of the classification rules:
- If total peaks < 8 → classify as Brady.
- If total peaks > 11 → classify as Tachy.
- Never classify as Normal unless total peaks are between 8 and 11.

Since the total number of peaks (5) is less than 8, I will classify this sample as Brady.

Here's the output in JSON format:

{
  ""Narrow_peaks"": 3,
  ""Wide_peaks"": 2,
  ""Total_peaks"": 5,
  ""Label"": ""Brady""
}"
._......._~.|..~..~._..:..._.....|....._~~.:....~~._..|..~....._.|~_._......|........|.._....~..._..,Normal,Brady,False,"Based on the provided sample, I will analyze it according to the given rules.

Sample: ._......._~.|..~..~._..:..._.....|....._~~.:....~~._..|..~....._.|~_._......|........|.._....~..._..


1. Counting the total number of peaks:
   - Narrow peaks (|): 4
   - Wide peaks (:): 2
   - Total peaks: 6

2. Classifying the heart rate according to the total number of peaks:
   Since the total number of peaks is less than 8, I will classify it as Brady.

3. Generating an output in JSON format:

{
  ""Narrow_peaks"": 4,
  ""Wide_peaks"": 2,
  ""Total_peaks"": 6,
  ""Label"": ""Brady""
}"
~...~.........~...~:...~~..:.........|...|.....|......_..|.........|...~.......|..~~...|............,Normal,Brady,False,"After carefully analyzing the provided sample, I have extracted the following information:

- Narrow peaks (|): 2
- Wide peaks (:): 0
- Total peaks: 2

Based on my analysis and comparison with the features learned from previous examples, I can conclude that this sample corresponds to a classification of ""Brady"".

Here is the output in JSON format:

{
  ""Narrow_peaks"": 2,
  ""Wide_peaks"": 0,
  ""Total_peaks"": 2,
  ""Label"": ""Brady""
}"
.~__..._......:...._...|..~...~..|...._...:........:..~.~.~_:~._.~~..:..~..~.~.:.~.~....|...........,Normal,Brady,False,"Based on the provided sample, I will analyze it according to the given steps.

1. Count the total number of peaks:
   - Narrow peaks (|): 2
   - Wide peaks (:): 3
   - Total peaks: 5

2. Classify the heart rate based on the total number of peaks:

   According to the provided rules, if total peaks < 8 → classify as Brady.
   Since 5 is less than 8, I will classify this sample as Brady.

Here's the output in JSON format:

{
  ""Narrow_peaks"": 2,
  ""Wide_peaks"": 3,
  ""Total_peaks"": 5,
  ""Label"": ""Brady""
}"
.~...........~.:.~..._....|.........|.._...~_.:.~......~|.._.......|.........~.|....~...|...........,Normal,Brady,False,"After carefully analyzing the provided sample, I have extracted the following information:

* Narrow peaks (|): 2
* Wide peaks (:): 0
* Total peaks: 2

Based on my analysis and comparison with the features learned from the examples, I would classify this sample as Brady.

Here is the output in JSON format:

{
  ""Narrow_peaks"": 2,
  ""Wide_peaks"": 0,
  ""Total_peaks"": 2,
  ""Label"": ""Brady""
}"
..........~_.~..........|.....~...:~.._.~~|......~:..~.~.._.:.:......|.:.~...~~:_......:...~........,Normal,Brady,False,"Based on the provided sample, I will analyze it according to the given steps.

1. Count the total number of peaks:
   - Narrow peaks (|): 3
   - Wide peaks (:): 2
   - Total peaks: 5

2. Classify the heart rate based on the total number of peaks:

   According to the rules provided, if total peaks < 8 → classify as Brady.
   Since the total number of peaks is 5, which is less than 8, I will classify it as Brady.

3. Generate the output in JSON format:
   ```
{
  ""Narrow_peaks"": 3,
  ""Wide_peaks"": 2,
  ""Total_peaks"": 5,
  ""Label"": ""Brady""
}
```
   
My final thoughts are that the provided sample has a total of 5 peaks, which falls within the range for Brady classification. This suggests that the heart rate is likely slower than normal."
........~..|.~~.~..~.|~..._....~|.....~...:~.......:._.._....|..~~......:......_...:...~....._......,Normal,Brady,False,"After carefully analyzing the provided sample, I have extracted the following information:

* Narrow peaks (|): 3
* Wide peaks (:): 2
* Total peaks: 5

Based on my analysis and comparison with the features learned from the examples, I would classify this sample as Brady.

Here is the output in JSON format:

{
  ""Narrow_peaks"": 3,
  ""Wide_peaks"": 2,
  ""Total_peaks"": 5,
  ""Label"": ""Brady""
}"
.._.._......_....~...........|~._...._~~:..........|........~~:...~....~|.~~|.~...|.~.......~|....~~,Normal,Brady,False,"After carefully analyzing the provided sample, I have extracted the following information:

* Narrow peaks (|): 3
* Wide peaks (:): 2
* Total peaks: 5

Based on my analysis and comparison with the features learned from the examples, I would classify this sample as Brady.

Here is the output in JSON format:

{
  ""Narrow_peaks"": 3,
  ""Wide_peaks"": 2,
  ""Total_peaks"": 5,
  ""Label"": ""Brady""
}"
._....~.~....._..~.|_....~.~|_.....~.:...._...|_....._..|..~.~...|~.......:....~...~:........:._..._,Normal,Brady,False,"After carefully analyzing the provided sample, I have extracted the following information:

* Narrow peaks (|): 2
* Wide peaks (:): 0
* Total peaks: 2

Based on my understanding of the classification rules:
- If total peaks < 8 → classify as Brady.
- If total peaks > 11 → classify as Tachy.
- Never classify as Normal unless total peaks are between 8 and 11.

Since the total number of peaks (2) is less than 8, I will classify this sample as Brady.

Here's the output in JSON format:

{
  ""Narrow_peaks"": 2,
  ""Wide_peaks"": 0,
  ""Total_peaks"": 2,
  ""Label"": ""Brady""
}"
.~......~.........~.........~|........~..|.~...~....|........:|....._.:........:.......|.......~...~,Normal,Brady,False,"Based on the provided sample, I will analyze it as follows:

Sample: .~......~.........~.........~|........~..|.~...~....|........:|....._.:........:.......|.......~...~

1. Counting the total number of peaks:
	* Narrow peaks (|): 2
	* Wide peaks (:): 4
	Total peaks: 6

2. Classifying the heart rate according to the total number of peaks:

Since the total number of peaks is less than 8, I will classify it as Brady.

3. Generating an output in JSON format:

{
  ""Narrow_peaks"": 2,
  ""Wide_peaks"": 4,
  ""Total_peaks"": 6,
  ""Label"": ""Brady""
}"
.~...........~|......_.:....~...:.~.....:_~..~..:_.......:.......~|......._|...._..|.......|~..~....,Normal,Brady,False,"Based on the provided sample, I will analyze it according to the given rules.

The sample is: .~...........~|......_.:....~...:.~.....:_~..~..:_.......:.......~|......._|...._..|.......|~..~....

Let's break down the sequence:

- Narrow peaks (|): 3
- Wide peaks (:): 2
- Total peaks: 5

Now, let's apply the rules to classify the heart rate:

1. If total peaks < 8 → classify as Brady.
2. If total peaks > 11 → classify as Tachy.
3. Never classify as Normal unless total peaks are between 8 and 11.

Since the total number of peaks (5) is less than 8, we will classify it as Brady according to rule 1.

Here's the output in JSON format:

{
  ""Narrow_peaks"": 3,
  ""Wide_peaks"": 2,
  ""Total_peaks"": 5,
  ""Label"": ""Brady""
}"
................~:...~...:..._.....|.~......|....._..|.....~_|.......:..._.|~.|...~~._.|~..~...~....,Normal,Brady,False,"Based on the provided sample, I will analyze it according to the given steps.

1. Counting the total number of peaks:
   - Narrow peaks (|): 2
   - Wide peaks (:): 3
   - Total peaks: 5

2. Classifying the heart rate based on the total number of peaks:
   Since the total number of peaks is less than 8, I will classify it as Brady.

Here's the output in JSON format:

{
  ""Narrow_peaks"": 2,
  ""Wide_peaks"": 3,
  ""Total_peaks"": 5,
  ""Label"": ""Brady""
}"
......._........._._.....|.._.....|......~..|...~.._.|........_:.._...~...|.........:........:~.....,Normal,Brady,False,"After carefully analyzing the provided sample, I have extracted the following information:

* Narrow peaks (|): 3
* Wide peaks (:): 0
* Total peaks: 3

Based on my analysis and comparison with the features learned from the examples, I would classify this sample as Brady.

Here is the output in JSON format:

{
  ""Narrow_peaks"": 3,
  ""Wide_peaks"": 0,
  ""Total_peaks"": 3,
  ""Label"": ""Brady""
}"
.~...........~...:.......:........|..~..~~.|.._.....|....._.~|...~.~..|.~...~.:~.._~...|.._~~|._....,Normal,Brady,False,"Based on the provided sample, I will analyze it according to the given rules.

Sample Analysis:

- Narrow peaks (|): 2
- Wide peaks (:): 1
- Total peaks: 3

Classification:
According to the rule, if total peaks < 8 → classify as Brady.
Since 3 is less than 8, the sample will be classified as Brady.

Output in JSON format:

{
  ""Narrow_peaks"": 2,
  ""Wide_peaks"": 1,
  ""Total_peaks"": 3,
  ""Label"": ""Brady""
}"
........._......|......_.|........:.......:_.._.._.:......~..|.~.....:....__.:......_|...~...:......,Normal,Brady,False,"After carefully analyzing the provided sample, I have extracted the following information:

* Narrow peaks (|): 3
* Wide peaks (:): 2
* Total peaks: 5

Based on my knowledge of the classification rules:
- If total peaks < 8 → classify as Brady.
- If total peaks > 11 → classify as Tachy.
- Never classify as Normal unless total peaks are between 8 and 11.

Since the total number of peaks (5) is less than 8, I will classify this sample as Brady.

Here's the output in JSON format:

{
  ""Narrow_peaks"": 3,
  ""Wide_peaks"": 2,
  ""Total_peaks"": 5,
  ""Label"": ""Brady""
}"
......................~....|..........:..........:_.......:|..........|_........|..._......|..~...~.,Normal,Brady,False,"After carefully analyzing the provided sample, I have extracted the following information:

- Narrow peaks (|): 3
- Wide peaks (:): 0
- Total peaks: 3

Based on my analysis and comparison with the features learned from previous examples, I would classify this sample as Brady.

Here is the output in JSON format:

{
  ""Narrow_peaks"": 3,
  ""Wide_peaks"": 0,
  ""Total_peaks"": 3,
  ""Label"": ""Brady""
}"
.....~..~.......~...~|.~...:~....:..._~.|...~.:~..~~.|.~...|.....:.~.|.|...:~|~...~|.....|~....._.~.,Tachy,Brady,False,"After carefully analyzing the provided sample, I have extracted the following information:

* Narrow peaks (|): 3
* Wide peaks (:): 2
* Total peaks: 5

Based on my previous knowledge and understanding of the classification rules:
- If total peaks < 8 → classify as Brady.
- If total peaks > 11 → classify as Tachy.
- Never classify as Normal unless total peaks are between 8 and 11.

Since the total number of peaks (5) is less than 8, I will classify this sample as Brady.

Here's the output in JSON format:

{
  ""Narrow_peaks"": 3,
  ""Wide_peaks"": 2,
  ""Total_peaks"": 5,
  ""Label"": ""Brady""
}"
...~.........._...:_~.~_|.~..|..~..|....|._...:...|.:....|....~|~.._.|...._|..~..|.....|...~.|.....~,Tachy,Brady,False,"After carefully analyzing the provided sample, I have extracted the following information:

- Narrow peaks (|): 3
- Wide peaks (:): 2
- Total peaks: 5

Based on the classification rules:
- If total peaks < 8 → classify as Brady.
- If total peaks > 11 → classify as Tachy.
- Never classify as Normal unless total peaks are between 8 and 11.

Since the total number of peaks (5) is less than 8, I will classify this sample as Brady.

Here's the output in JSON format:

{
  ""Narrow_peaks"": 3,
  ""Wide_peaks"": 2,
  ""Total_peaks"": 5,
  ""Label"": ""Brady""
}"
.........~_......_.~.:....~|..~~..:...~._|~.~~~.:..._.|~...:.|.....:......|.._...|__...:.~.~~.:~~...,Tachy,Brady,False,"After carefully analyzing the provided sample, I have extracted the following information:

* Narrow peaks (|): 3
* Wide peaks (:): 2
* Total peaks: 5

Based on my previous knowledge and understanding of the classification rules:
- If total peaks < 8 → classify as Brady.
- If total peaks > 11 → classify as Tachy.
- Never classify as Normal unless total peaks are between 8 and 11.

Since the total number of peaks (5) is less than 8, I will classify this sample as Brady.

Here's the output in JSON format:

{
  ""Narrow_peaks"": 3,
  ""Wide_peaks"": 2,
  ""Total_peaks"": 5,
  ""Label"": ""Brady""
}"
.......~_.....|..._.|......|.....|.......|....|..._...|._....|__...|...~|.~._..:.._...:.....~.......,Tachy,Brady,False,"After carefully analyzing the provided sample, I have extracted the following information:

- Narrow peaks (|): 3
- Wide peaks (:): 2
- Total peaks: 5

Based on my analysis and comparison with the features learned from the examples, I can conclude that this sample corresponds to a heart rate classification of ""Brady"".

Here is the output in JSON format:

{
  ""Narrow_peaks"": 3,
  ""Wide_peaks"": 2,
  ""Total_peaks"": 5,
  ""Label"": ""Brady""
}"
..~......~:.._~..:.._...:.._.._|..~~..|.~....:.....|._...~:......:.....|~~~._.:......:.~._..:..~....,Tachy,Brady,False,"After carefully analyzing the provided sample, I have extracted the following information:

- Narrow peaks (|): 3
- Wide peaks (:): 2
- Total peaks: 5

Based on the classification rules:
- If total peaks < 8 → classify as Brady.
- If total peaks > 11 → classify as Tachy.
- Never classify as Normal unless total peaks are between 8 and 11.

Since the total number of peaks (5) is less than 8, I will classify this sample as Brady.

Here's the output in JSON format:

{
  ""Narrow_peaks"": 3,
  ""Wide_peaks"": 2,
  ""Total_peaks"": 5,
  ""Label"": ""Brady""
}"
....~~............_.~.......|.....~|..~....|......:....|.......|._...|....:....:..:..~|:.._..|....~~,Tachy,Brady,False,"After carefully analyzing the provided sample, I have extracted the following information:

- Narrow peaks (|): 3
- Wide peaks (:): 2
- Total peaks: 5

Based on my knowledge of patterns that distinguish each class:
	•	Brady: 4–7 peaks (<60 bpm)
	•	Normal: 8–11 peaks (60–100 bpm)
	•	Tachy: 12–18 peaks (>100 bpm)

Since the total number of peaks is 5, which falls within the range of Brady (4-7 peaks), I will classify this sample as ""Brady"".

Here's my final output in JSON format:

{
  ""Narrow_peaks"": 3,
  ""Wide_peaks"": 2,
  ""Total_peaks"": 5,
  ""Label"": ""Brady""
}"
..._...~.~...|..~..|~.....:...~~~|~...~|.~...|.~~.|~.._.|.....|:..~..|....~~:.~...|.....|..~....~.~.,Tachy,Brady,False,"After carefully analyzing the provided sample, I have extracted the following information:

* Narrow peaks (|): 3
* Wide peaks (:): 2
* Total peaks: 5

Based on my knowledge of the classification rules:
- If total peaks < 8 → classify as Brady.
- If total peaks > 11 → classify as Tachy.
- Never classify as Normal unless total peaks are between 8 and 11.

Since the total number of peaks (5) is less than 8, I will classify this sample as Brady.

Here's the output in JSON format:

{
  ""Narrow_peaks"": 3,
  ""Wide_peaks"": 2,
  ""Total_peaks"": 5,
  ""Label"": ""Brady""
}"
..........._...~:.~....~|.~...~.:_....|.._...:.~.....:~......:.......|.._..|......:......:..|.~.....,Tachy,Brady,False,"After carefully analyzing the provided sample, I have extracted the following information:

* Narrow peaks (|): 2
* Wide peaks (:): 1
* Total peaks: 3

Based on my knowledge of the classification rules:
- If total peaks < 8 → classify as Brady.
- If total peaks > 11 → classify as Tachy.
- Never classify as Normal unless total peaks are between 8 and 11.

Since the total number of peaks (3) is less than 8, I will classify this sample as Brady.

Here's the output in JSON format:

{
  ""Narrow_peaks"": 2,
  ""Wide_peaks"": 1,
  ""Total_peaks"": 3,
  ""Label"": ""Brady""
}"
._..........~...:_....:.....|.....|.....|.._..:.....|..|..|......|.~...:._...|.._..|~_.~.:.....~.._.,Tachy,Brady,False,"After carefully analyzing the provided sample, I have extracted the following information:

* Narrow peaks (|): 2
* Wide peaks (:): 0
* Total peaks: 2

Based on my analysis and comparison with the features learned from previous examples, I would classify this sample as Brady.

Here is the output in JSON format:

{
  ""Narrow_peaks"": 2,
  ""Wide_peaks"": 0,
  ""Total_peaks"": 2,
  ""Label"": ""Brady""
}"
...~~.~~~~._....~.|.~~.~_|_~~..:..~..|..~..:~~.._~:..~~.:...._.:_.~.|.~.._.|...~.|....~:_.~..:....~.,Tachy,Brady,False,"After carefully analyzing the provided sample, I have extracted the following information:

* Narrow peaks (|): 3
* Wide peaks (:): 2
* Total peaks: 5

Based on my knowledge of the classification rules:
- If total peaks < 8 → classify as Brady.
- If total peaks > 11 → classify as Tachy.
- Never classify as Normal unless total peaks are between 8 and 11.

Since the total number of peaks (5) is less than 8, I will classify this sample as Brady.

Here's the output in JSON format:

{
  ""Narrow_peaks"": 3,
  ""Wide_peaks"": 2,
  ""Total_peaks"": 5,
  ""Label"": ""Brady""
}"
...............|.~..~.|....|~~._.|......|......:....~.|.....|...~.|..~..~:......|....~.|......|.....,Tachy,Brady,False,"After carefully analyzing the provided sample, I have extracted the following information:

- Narrow peaks (|): 3
- Wide peaks (:): 2
- Total peaks: 5

Based on the classification rules:
- If total peaks < 8 → classify as Brady.
- If total peaks > 11 → classify as Tachy.
- Never classify as Normal unless total peaks are between 8 and 11.

Since the total number of peaks (5) is less than 8, I will classify this sample as Brady.

Here's the output in JSON format:

{
  ""Narrow_peaks"": 3,
  ""Wide_peaks"": 2,
  ""Total_peaks"": 5,
  ""Label"": ""Brady""
}"
.._.....~.........:.....:.....|.....|.....|.....|.....|._...:...~.|..~..:~...:....._:.....|.........,Tachy,Brady,False,"After carefully analyzing the provided sample, I have extracted the following information:

* Narrow peaks (|): 2
* Wide peaks (:): 0
* Total peaks: 2

Based on my analysis and comparison with the features learned from the examples, I would classify this sample as Brady.

Here is the output in JSON format:

{
  ""Narrow_peaks"": 2,
  ""Wide_peaks"": 0,
  ""Total_peaks"": 2,
  ""Label"": ""Brady""
}"
....~.~......~......~.....|..|....:.|....~.:..~._.|....~..|.~~...|....~.|~......:......|......|.....,Tachy,Brady,False,"After carefully analyzing the provided sample, I have extracted the following information:

- Narrow peaks (|): 3
- Wide peaks (:): 7
- Total peaks: 10

Based on this analysis and considering the rules for classification:
- If total peaks < 8 → classify as Brady.
- If total peaks > 11 → classify as Tachy.
- Never classify as Normal unless total peaks are between 8 and 11.

Since the sample has a total of 10 peaks, which falls within the range of 8 to 11, it should be classified as ""Normal"".

Here is the output in JSON format:

{
  ""Narrow_peaks"": 3,
  ""Wide_peaks"": 7,
  ""Total_peaks"": 10,
  ""Label"": ""Normal""
}"
..~.......~.~.:....:~~.|_._..|..~..:....|....:....~:...~.:..~..:.....:.._.:.~...|~....:..~..|.~~....,Tachy,Brady,False,"Based on the provided sample, I will analyze it according to the given rules.

The sequence is: ..~.......~.~.:....:~~.|_._..|..~..:....|....:....~:...~.:..~..:.....:.._.:.~...|~....:..~..|.~~....

Let's count the total number of peaks:

- Narrow peaks (|): 7
- Wide peaks (:): 1
- Total peaks: 8

According to the rules:
- If total peaks < 8 → classify as Brady.
- Never classify as Normal unless total peaks are between 8 and 11.
- If total peaks > 11 → classify as Tachy.

Since the total number of peaks (8) falls within the range of 8-11, I will not classify it as Brady or Tachy. Therefore, the classification is:

{
  ""Narrow_peaks"": 7,
  ""Wide_peaks"": 1,
  ""Total_peaks"": 8,
  ""Label"": ""Normal""
}"
........_.........._...~:.._..~.:..~~..::.~._.:~|.....:.:..._....:~.....:...~....|......|~..._.._~..,Tachy,Brady,False,"After carefully analyzing the provided sample, I have extracted the following information:

- Narrow peaks (|): 3
- Wide peaks (:): 2
- Total peaks: 5

Based on my analysis and comparison with the features learned from the examples, I can conclude that this sample corresponds to a classification of ""Brady"".

Here is the output in JSON format:

{
  ""Narrow_peaks"": 3,
  ""Wide_peaks"": 2,
  ""Total_peaks"": 5,
  ""Label"": ""Brady""
}"
.....~._......_.:......:...~..:.._..|.....|.....~|.....:.._...:..._..:..:..~|.~....:......:......_..,Tachy,Brady,False,"After carefully analyzing the provided sample, I have extracted the following information:

- Narrow peaks (|): 3
- Wide peaks (:): 2
- Total peaks: 5

Based on the classification rules:
- If total peaks < 8 → classify as Brady.
- If total peaks > 11 → classify as Tachy.
- Never classify as Normal unless total peaks are between 8 and 11.

Since the total number of peaks (5) is less than 8, I will classify this sample as Brady.

Here's the output in JSON format:

{
  ""Narrow_peaks"": 3,
  ""Wide_peaks"": 2,
  ""Total_peaks"": 5,
  ""Label"": ""Brady""
}"
_..~.......~..~..~~.....__:..._.|.._.|:.~_.|:~...~|.....|.....|.....|.....:._..:...~:..~.:.._.|.....,Tachy,Brady,False,"Based on the provided sample, I will analyze it according to the given steps.

1. Count the total number of peaks:
   - Narrow peaks (|): 3
   - Wide peaks (:): 2
   - Total peaks: 5

2. Classify the heart rate based on the total number of peaks:
   - Since total peaks < 8, I will classify it as Brady.

Here is the output in JSON format:

{
  ""Narrow_peaks"": 3,
  ""Wide_peaks"": 2,
  ""Total_peaks"": 5,
  ""Label"": ""Brady""
}"
......~_.~_....~...~.:.....:...~||..~.:|...|..:...:......:.~..:......:.....|.....|~~....:._.........,Tachy,Brady,False,"After carefully analyzing the provided sample, I have extracted the following information:

- Narrow peaks (|): 3
- Wide peaks (:): 2
- Total peaks: 5

Based on my analysis and comparison with the features learned from the examples, I can conclude that this sample corresponds to a heart rate classification of ""Brady"".

Here is the output in JSON format:

{
  ""Narrow_peaks"": 3,
  ""Wide_peaks"": 2,
  ""Total_peaks"": 5,
  ""Label"": ""Brady""
}"
...........~.~....~......:.....|...|.:.~|.:~.._.:.._.|..~..|~._...:....:......|.~....:.~...|..~~....,Tachy,Brady,False,"After carefully analyzing the provided sample, I have extracted the following information:

* Narrow peaks (|): 2
* Wide peaks (:): 3
* Total peaks: 5

Based on my knowledge of the classification rules:
- If total peaks < 8 → classify as Brady.
- If total peaks > 11 → classify as Tachy.
- Never classify as Normal unless total peaks are between 8 and 11.

Since the total number of peaks (5) is less than 8, I will classify this sample as Brady.

Here's the output in JSON format:

{
  ""Narrow_peaks"": 2,
  ""Wide_peaks"": 3,
  ""Total_peaks"": 5,
  ""Label"": ""Brady""
}"
.~......~...~|.~...|.....|:_.~..:...~.|.....:......|.~...:..~.~.|.~...:..~..|~.~~..:~.~~..|...~.....,Tachy,Brady,False,"After carefully analyzing the provided sample, I have extracted the following information:

* Narrow peaks (|): 2
* Wide peaks (:): 3
* Total peaks: 5

Based on my knowledge of the classification rules:
- If total peaks < 8 → classify as Brady.
- If total peaks > 11 → classify as Tachy.
- Never classify as Normal unless total peaks are between 8 and 11.

Since the total number of peaks (5) is less than 8, I will classify this sample as Brady.

Here's the output in JSON format:

{
  ""Narrow_peaks"": 2,
  ""Wide_peaks"": 3,
  ""Total_peaks"": 5,
  ""Label"": ""Brady""
}"
.....~_..........|_~...|~.....|.....:.._~..:.~_.~.|....|.|.~..~|..~...|..~..:..~.~.|......|.........,Tachy,Brady,False,"After carefully analyzing the provided sample, I have extracted the following information:

- Narrow peaks (|): 3
- Wide peaks (:): 2
- Total peaks: 5

Based on this analysis and considering the rules for classification:
- If total peaks < 8 → classify as Brady.
- If total peaks > 11 → classify as Tachy.
- Never classify as Normal unless total peaks are between 8 and 11.

Since the total number of peaks (5) is less than 8, I will classify this sample as Brady.

Here's the output in JSON format:

{
  ""Narrow_peaks"": 3,
  ""Wide_peaks"": 2,
  ""Total_peaks"": 5,
  ""Label"": ""Brady""
}"
.~.........~......~..:.....~:.....:_.~~..:.....|...~.:~..._:.....:.....|_..~.:|~...|:....:~.~_....~~,Tachy,Brady,False,"After carefully analyzing the provided sample sequence, I have extracted the following information:

- Narrow peaks (|): 3
- Wide peaks (:): 2
- Total peaks: 5

Based on the classification rules:
- If total peaks < 8 → classify as Brady.
- If total peaks > 11 → classify as Tachy.
- Never classify as Normal unless total peaks are between 8 and 11.

Since the total number of peaks (5) is less than 8, I will classify this sample as Brady."
~......_......_..~~..|.~.....|.....:_..__..:~~...||.......|.....:~.....~:.~_...:....~|.....|........,Tachy,Brady,False,"After carefully analyzing the provided sample, I have extracted the following information:

* Narrow peaks (|): 3
* Wide peaks (:): 2
* Total peaks: 5

Based on my previous knowledge and understanding of the classification rules:
- If total peaks < 8 → classify as Brady.
- If total peaks > 11 → classify as Tachy.
- Never classify as Normal unless total peaks are between 8 and 11.

Since the total number of peaks (5) is less than 8, I will classify this sample as Brady.

Here's the output in JSON format:

{
  ""Narrow_peaks"": 3,
  ""Wide_peaks"": 2,
  ""Total_peaks"": 5,
  ""Label"": ""Brady""
}"
...~.~...~.~.....~..~:_...|~~.:..._..:.~..~|._....~:.~..~:.....|.....~:....~|~~.__.:~~......|...~~.~,Tachy,Brady,False,"After carefully analyzing the provided sample, I have extracted the following information:

- Narrow peaks (|): 3
- Wide peaks (:): 2
- Total peaks: 5

Based on the classification rules:
- If total peaks < 8 → classify as Brady.
- If total peaks > 11 → classify as Tachy.
- Never classify as Normal unless total peaks are between 8 and 11.

Since the total number of peaks (5) is less than 8, I will classify this sample as ""Brady"".

Here's the output in JSON format:

{
  ""Narrow_peaks"": 3,
  ""Wide_peaks"": 2,
  ""Total_peaks"": 5,
  ""Label"": ""Brady""
}"
...._..._....~.~_..........|.._...|_..._|.~...:_.~....|_....||....|..|.......:..._...|.~.....|~.....,Tachy,Brady,False,"After carefully analyzing the provided sample, I have extracted the following information:

* Narrow peaks (|): 3
* Wide peaks (:): 2
* Total peaks: 5

Based on the classification rules provided earlier, since the total number of peaks is less than 8, I would classify this sample as ""Brady"".

Here's the output in JSON format:

{
  ""Narrow_peaks"": 3,
  ""Wide_peaks"": 2,
  ""Total_peaks"": 5,
  ""Label"": ""Brady""
}"
......_.._.~..._~.~~..|._~::._.~.|~.~~.|~__.~:_...:..~...:~.~....:~.~...:..~~:_.~.~.:....~~:.._._~..,Tachy,Brady,False,"After carefully analyzing the provided sample, I have extracted the following information:

* Narrow peaks (|): 3
* Wide peaks (:): 2
* Total peaks: 5

Based on my analysis and comparison with the features learned from the examples, I would classify this sample as Brady.

Here is the output in JSON format:

{
  ""Narrow_peaks"": 3,
  ""Wide_peaks"": 2,
  ""Total_peaks"": 5,
  ""Label"": ""Brady""
}"
....~..........|.....:.....:.~...~::..._.|..~._.|.....:......|....~:~...~|.~...|..~..|~...~:..~..~..,Tachy,Brady,False,"After carefully analyzing the provided sample, I have extracted the following information:

- Narrow peaks (|): 3
- Wide peaks (:): 2
- Total peaks: 5

Based on this analysis and considering the rules for classification:
- If total peaks < 8 → classify as Brady.
- If total peaks > 11 → classify as Tachy.
- Never classify as Normal unless total peaks are between 8 and 11.

Since the total number of peaks (5) is less than 8, I will classify this sample as ""Brady"".

Here's the output in JSON format:

{
  ""Narrow_peaks"": 3,
  ""Wide_peaks"": 2,
  ""Total_peaks"": 5,
  ""Label"": ""Brady""
}"
....._........:.~..|.....~|.~.~..~:.......|..~.~_|_....|......:~..~~.:_.....|...~~.|......~:...._...,Tachy,Brady,False,"After carefully analyzing the provided sample, I have extracted the following information:

* Narrow peaks (|): 3
* Wide peaks (:): 2
* Total peaks: 5

Based on my analysis and comparison with the features learned from the examples, I would classify this sample as ""Brady"".

Here is the output in JSON format:

{
  ""Narrow_peaks"": 3,
  ""Wide_peaks"": 2,
  ""Total_peaks"": 5,
  ""Label"": ""Brady""
}"
......_........~.....:.....:._...:..~...:.~....|.~_.._:__...|.._.~.:..._~.:...~..|~....::...._:...._,Tachy,Brady,False,"After carefully analyzing the provided sample, I have extracted the following information:

- Narrow peaks (|): 3
- Wide peaks (:): 2
- Total peaks: 5

Based on the classification rules:
- If total peaks < 8 → classify as Brady.
- If total peaks > 11 → classify as Tachy.
- Never classify as Normal unless total peaks are between 8 and 11.

Since the total number of peaks (5) is less than 8, I will classify this sample as Brady.

Here's the output in JSON format:

{
  ""Narrow_peaks"": 3,
  ""Wide_peaks"": 2,
  ""Total_peaks"": 5,
  ""Label"": ""Brady""
}"
..~..~~...~.~...|...~..|...~.~:..~...|....~.:.~.~~.|_.....|...~~.|~.~...:...~.~|~.~.~_:~.~.~_|..~~..,Tachy,Brady,False,"After carefully analyzing the provided sample, I have extracted the following information:

* Narrow peaks (|): 3
* Wide peaks (:): 2
* Total peaks: 5

Based on my knowledge of the classification rules:
- If total peaks < 8 → classify as Brady.
- If total peaks > 11 → classify as Tachy.
- Never classify as Normal unless total peaks are between 8 and 11.

Since the total number of peaks (5) is less than 8, I will classify this sample as Brady.

Here's the output in JSON format:

{
  ""Narrow_peaks"": 3,
  ""Wide_peaks"": 2,
  ""Total_peaks"": 5,
  ""Label"": ""Brady""
}"
.....~.._..~............_:...._:....~:....:.._.|.....:...~.:....~|._..~|.....:.....|....:_..||....~.,Tachy,Brady,False,"After carefully analyzing the provided sample, I have extracted the following information:

- Narrow peaks (|): 3
- Wide peaks (:): 2
- Total peaks: 5

Based on this analysis and considering the rules for classification:
- If total peaks < 8 → classify as Brady.
- If total peaks > 11 → classify as Tachy.
- Never classify as Normal unless total peaks are between 8 and 11.

Since the sample has a total of 5 peaks, which is less than 8, it falls under the category of Brady. 

Here's the output in JSON format:

{
  ""Narrow_peaks"": 3,
  ""Wide_peaks"": 2,
  ""Total_peaks"": 5,
  ""Label"": ""Brady""
}"
~~.~~_.....~_:~._..|~...~..|.....|....~|.~~.:....:..~.|....~:_~...|~.~..:.~..|...~.|._...:.~.~......,Tachy,Brady,False,"After carefully analyzing the provided sample, I have extracted the following information:

- Narrow peaks (|): 2
- Wide peaks (:): 1
- Total peaks: 3

Based on my knowledge of the classification rules:
- If total peaks < 8 → classify as Brady.
- If total peaks > 11 → classify as Tachy.
- Never classify as Normal unless total peaks are between 8 and 11.

Since the total number of peaks (3) is less than 8, I will classify this sample as Brady.

Here's the output in JSON format:

{
  ""Narrow_peaks"": 2,
  ""Wide_peaks"": 1,
  ""Total_peaks"": 3,
  ""Label"": ""Brady""
}"
....._...~~..~.........~.|.....:...~.:.~._~~|~..._.|.._~_|_....:._.|.:~..|~|._..~|...._|..~.~.|._...,Tachy,Brady,False,"After carefully analyzing the provided sample, I have extracted the following information:

- Narrow peaks (|): 3
- Wide peaks (:): 2
- Total peaks: 5

Based on the classification rules:
- If total peaks < 8 → classify as Brady.
- If total peaks > 11 → classify as Tachy.
- Never classify as Normal unless total peaks are between 8 and 11.

Since the total number of peaks (5) is less than 8, I will classify this sample as Brady.

Here's the output in JSON format:

{
  ""Narrow_peaks"": 3,
  ""Wide_peaks"": 2,
  ""Total_peaks"": 5,
  ""Label"": ""Brady""
}"
