sequence,true_class,true_peaks,predicted_class,predicted_peaks,correct
......~...........~:.............:..~...._....|..............|..........~.|..~..........|...........,Brady,6,Normal,8,False
.~..._.~...._........|........._.....:~~._........__|.....~..........:.........._..__~:......~~.....,Brady,5,Normal,10,False
...._......~.|....._.....~.._...:__~.~.._...._......|....._.~..........:.~......~...~....~.~....~._.,Brady,4,Normal,9,False
...~.....~_.~...~~:.....~.._~.~~...|.~.~.....~....|~.~.....~.~~..:...~_...~........|.~....~.~.~...~~,Brady,5,Normal,10,False
...........~.~._|..~......~.._.:...........~~..|......._..~....|.~....._._..._.|...~._...........~~.,Brady,5,Normal,10,False
................~........|......_....._|....._~.....|.~...........:.............|...........|.......,Brady,6,Normal,8,False
.~...~...~....~_.....~...~|.~|_.........~.~._.~:~...~...~.......|...~.~..~...~~.|~._.....~~....~....,Brady,5,Normal,10,False
~......_.._...~..........___.:..~._...........|.~_.._...|...._|~...............|.........~.~.......~,Brady,5,Normal,9,False
.~~..............~.~_:.._....._....|...~.~.~...~.|.....~.......|~.~._...~.....:~....~._~~...|.......,Brady,6,Normal,10,False
....__........_.._.........~.|_....._..._.|.._.....~..|.|..._....__..:..~.._..~_.._|..~........._...,Brady,6,Normal,10,False
.....~......._...:.._...._~_|~......__.~~:............._.|..~.~.~~...~.~|.~......~~.~....~...._.....,Brady,5,Normal,9,False
....._.........~........|.._.......:_..~..~.~...:.._.......~...|._.............|.........~.~..|._...,Brady,6,Normal,9,False
~...................|...~....~....:.._.~.....~.|....~~...~_...|...._...._...:._.._...~..~.:....~....,Brady,6,Normal,10,False
..~....._........~..~...~.~|..__....~~~~.|~........~.....|_.......~..~....|.......~......:....~.~...,Brady,5,Normal,10,False
_........~|.~..~.~.~~....:.~~....~.~.~...:_.~~....~.....|........_....~._:.~................~...~.~.,Brady,5,Normal,9,False
_...~.......|.~~...........:.~.._.._....~.|........_.._....|.~..~.._.......|._~........_..._....~...,Brady,5,Normal,9,False
.~...~.....~~.:.._.~..~...~|......~..:_....~~.........|..~.......|............:........~............,Brady,6,Normal,10,False
..._..........~.......~....|..............._|...........~..|................|...~............:....~.,Brady,5,Normal,9,False
.._................~.~~....:.~...~.._~.~:~..~.~...~...|...~.~..~.~_.|~.._~....~~.|.._..~....~.:..~..,Brady,6,Normal,10,False
..~.~......_.......~.|~~...~...~...|.~.._.~~..~..|...~..__......|....._~..~~:...._.~~~_.~|..~...~...,Brady,6,Normal,10,False
..~_._......~......~~~.~..._~|.._..~~.._~...~.~~~.:.~..~_..___...~..~|._._....~.~.~__~...|~~...~~...,Brady,4,Normal,10,False
..~....._.~_.|......_._....~~.._.:~.~......~...~...|.~.._...._..._..~~|_~~.~.._..~.~..._~..._...._..,Brady,4,Normal,10,False
.....~..~.._~.:....~..~._.....|__....~.~.~.._.:_~~....~..._...|.~_~.~..~.~.~...|~.._....~..._._...~.,Brady,5,Normal,10,False
......~...~......_.~|..._...~.~.~....:...............:......~.......~|~._..._.~......:~...~......~..,Brady,5,Normal,9,False
....~~....~....._._|.._............:....~........~...|.....~~...._...:...~.....~..~_.|~....~........,Brady,5,Normal,10,False
........~...~~..._......|.....~..~._.~.....|.~.....~...._._~...:..._......__...~..|......~..~~~.._._,Brady,4,Normal,10,False
.~.~.__...._|....~~...._..:...........__:.._~.~.._.~|....._~...~..|_~~..........:...................,Brady,6,Normal,10,False
~....~...~..~..~..~...~.~.|...~..~......|.....~....~.~.|~.~..:~.....:.~_.~.......|.~..~..~..~~..~...,Brady,6,Normal,10,False
....._._....~~....|...............:..............|._...._.._..~...|............~....._.|............,Brady,5,Normal,8,False
.~.~..........._......~._|....~...__.__.|~......~..._~.|..._............|_...._..~_.._..:...._......,Brady,5,Normal,10,False
....~...............~.~:.........~.~:..~..~.......:......~_..~|..~~~....~..|.....~..~~..:...........,Brady,6,Normal,9,False
..........:..._.._~..~....~.|__.~_........~_.._~|..~.~..~~.......|.~~...~....~~~~.:...~.....~...~...,Brady,5,Normal,9,False
.~...~....~:...~~.......~~:._..~..~..~.|~..~~....~..~:..~...~.~..~:.....~~_.~.~|...~._....~...~_....,Brady,6,Normal,11,False
~.....~....~...|.~....._~|.~~..~.~.:~~.~.~~..~:.~..._.:...._..|...~.~..~.:.......~..:....._.~....~..,Normal,8,Normal,10,True
...........~..~_~.|....~~~_.:~~......_.:~_.~_....:~~..~..:|~...__...|.._..~~_.:_......_.|..~.~.~~..~,Normal,9,Normal,10,True
.........~_._.:.~.....|~......|~.......:..~.....|.......:.......|...~....|.......|~...~...|.._......,Normal,10,Normal,8,True
.............:..~..._..~.~.._:.......~.~:........:._.~.....:.........|........~..:........|.........,Normal,8,Normal,9,True
........~...~.:.....~.....|...~~.~~..:..._..~..:........~:~.~..~...~:.~~.~~...|....._...~|..........,Normal,8,Normal,10,True
.._.............~_.~.|.:....._..:....._....|..._...__:......_...:..~._...~|......~..:.._~..._....~..,Normal,8,Normal,9,True
~_..~........~.~.~.....~.|..__~..:~...__~~:._..._.|_...~~.:~_~~.~_:~..~.~.|....~..:~...~|~:.....~.~_,Normal,10,Normal,10,True
....~..........~...~...:..|._...:..~....:.~._....:...~..~:........|~._.~..:.._.....|.~_~_~...|...~_~,Normal,10,Normal,10,True
..._.....~.~~..~._....~~.|~.~~.~.~.|.~~...._:_....~~~.|~.....~.:~...~..~.|~.~...|~:....~...~|.~.~...,Normal,9,Normal,10,True
~.~................~~.~.~.:..~.....|.......~:|....~...|.........|......~..|.~......~:.....~..:~.....,Normal,9,Normal,9,True
...~~._.~~....|..~......|...~......:..~....~.|..~..~...:~.........|..........|.....~...|~...........,Normal,8,Normal,10,True
.~...~.....~~...~..|.~.......:~~......|.~.~~~..~.:.......:.......~.:..........:~.~....~_.|..........,Normal,8,Normal,10,True
.~.~..~~....~......|.~....._.|..._._....|._..~._..|.~~....~|_~....~._:~....~..|..._....|..._._..~...,Normal,8,Normal,10,True
~~....~.~....~..~....~..~..|...~|.~~~|.....~..~|.~.....|~....~~..|...~._~.~|...~...|...~~~..:..~.~.~,Normal,9,Normal,10,True
.._...........|.........|......~.|.._....|.........:.|........|.........:._.~.....|.~.~.......:~....,Normal,10,Normal,9,True
~......_....~.....~.._.~.....|....._~|...._...:..._...:..~....~|...~.~..:.|~....:..|...._|~.....~...,Normal,10,Normal,10,True
.__....~._.~...:.._.......:.......~_:__._.._...|........:......_.~|_.........:_......~|...~.._|..._.,Normal,9,Normal,9,True
.~.~..._.~:....._...|..._~~.~.|_..~_....|_.......~~|......_..~|.~....~..|..._..~...:~......~.~...~..,Normal,8,Normal,10,True
._......._~.|..~..~._..:..._.....|....._~~.:....~~._..|..~....._.|~_._......|........|.._....~..._..,Normal,8,Normal,10,True
~...~.........~...~:...~~..:.........|...|.....|......_..|.........|...~.......|..~~...|............,Normal,9,Normal,10,True
.~__..._......:...._...|..~...~..|...._...:........:..~.~.~_:~._.~~..:..~..~.~.:.~.~....|...........,Normal,9,Normal,10,True
.~...........~.:.~..._....|.........|.._...~_.:.~......~|.._.......|.........~.|....~...|...........,Normal,8,Normal,9,True
..........~_.~..........|.....~...:~.._.~~|......~:..~.~.._.:.:......|.:.~...~~:_......:...~........,Normal,10,Normal,10,True
........~..|.~~.~..~.|~..._....~|.....~...:~.......:._.._....|..~~......:......_...:...~....._......,Normal,8,Normal,10,True
.._.._......_....~...........|~._...._~~:..........|........~~:...~....~|.~~|.~...|.~.......~|....~~,Normal,8,Normal,9,True
._....~.~....._..~.|_....~.~|_.....~.:...._...|_....._..|..~.~...|~.......:....~...~:........:._..._,Normal,9,Normal,9,True
.~......~.........~.........~|........~..|.~...~....|........:|....._.:........:.......|.......~...~,Normal,8,Normal,10,True
.~...........~|......_.:....~...:.~.....:_~..~..:_.......:.......~|......._|...._..|.......|~..~....,Normal,10,Normal,10,True
................~:...~...:..._.....|.~......|....._..|.....~_|.......:..._.|~.|...~~._.|~..~...~....,Normal,10,Normal,9,True
......._........._._.....|.._.....|......~..|...~.._.|........_:.._...~...|.........:........:~.....,Normal,8,Normal,9,True
.~...........~...:.......:........|..~..~~.|.._.....|....._.~|...~.~..|.~...~.:~.._~...|.._~~|._....,Normal,10,Normal,10,True
........._......|......_.|........:.......:_.._.._.:......~..|.~.....:....__.:......_|...~...:......,Normal,10,Normal,9,True
......................~....|..........:..........:_.......:|..........|_........|..._......|..~...~.,Normal,8,Normal,8,True
.....~..~.......~...~|.~...:~....:..._~.|...~.:~..~~.|.~...|.....:.~.|.|...:~|~...~|.....|~....._.~.,Tachy,14,Normal,10,False
...~.........._...:_~.~_|.~..|..~..|....|._...:...|.:....|....~|~.._.|...._|..~..|.....|...~.|.....~,Tachy,15,Normal,10,False
.........~_......_.~.:....~|..~~..:...~._|~.~~~.:..._.|~...:.|.....:......|.._...|__...:.~.~~.:~~...,Tachy,13,Normal,10,False
.......~_.....|..._.|......|.....|.......|....|..._...|._....|__...|...~|.~._..:.._...:.....~.......,Tachy,12,Normal,10,False
..~......~:.._~..:.._...:.._.._|..~~..|.~....:.....|._...~:......:.....|~~~._.:......:.~._..:..~....,Tachy,13,Normal,10,False
....~~............_.~.......|.....~|..~....|......:....|.......|._...|....:....:..:..~|:.._..|....~~,Tachy,13,Normal,10,False
..._...~.~...|..~..|~.....:...~~~|~...~|.~...|.~~.|~.._.|.....|:..~..|....~~:.~...|.....|..~....~.~.,Tachy,14,Normal,10,False
..........._...~:.~....~|.~...~.:_....|.._...:.~.....:~......:.......|.._..|......:......:..|.~.....,Tachy,12,Normal,9,False
._..........~...:_....:.....|.....|.....|.._..:.....|..|..|......|.~...:._...|.._..|~_.~.:.....~.._.,Tachy,14,Normal,9,False
...~~.~~~~._....~.|.~~.~_|_~~..:..~..|..~..:~~.._~:..~~.:...._.:_.~.|.~.._.|...~.|....~:_.~..:....~.,Tachy,13,Normal,10,False
...............|.~..~.|....|~~._.|......|......:....~.|.....|...~.|..~..~:......|....~.|......|.....,Tachy,13,Normal,9,False
.._.....~.........:.....:.....|.....|.....|.....|.....|._...:...~.|..~..:~...:....._:.....|.........,Tachy,13,Normal,9,False
....~.~......~......~.....|..|....:.|....~.:..~._.|....~..|.~~...|....~.|~......:......|......|.....,Tachy,12,Normal,10,False
..~.......~.~.:....:~~.|_._..|..~..:....|....:....~:...~.:..~..:.....:.._.:.~...|~....:..~..|.~~....,Tachy,15,Normal,10,False
........_.........._...~:.._..~.:..~~..::.~._.:~|.....:.:..._....:~.....:...~....|......|~..._.._~..,Tachy,12,Normal,10,False
.....~._......_.:......:...~..:.._..|.....|.....~|.....:.._...:..._..:..:..~|.~....:......:......_..,Tachy,13,Normal,10,False
_..~.......~..~..~~.....__:..._.|.._.|:.~_.|:~...~|.....|.....|.....|.....:._..:...~:..~.:.._.|.....,Tachy,15,Normal,10,False
......~_.~_....~...~.:.....:...~||..~.:|...|..:...:......:.~..:......:.....|.....|~~....:._.........,Tachy,15,Normal,10,False
...........~.~....~......:.....|...|.:.~|.:~.._.:.._.|..~..|~._...:....:......|.~....:.~...|..~~....,Tachy,14,Normal,10,False
.~......~...~|.~...|.....|:_.~..:...~.|.....:......|.~...:..~.~.|.~...:..~..|~.~~..:~.~~..|...~.....,Tachy,14,Normal,10,False
.....~_..........|_~...|~.....|.....:.._~..:.~_.~.|....|.|.~..~|..~...|..~..:..~.~.|......|.........,Tachy,13,Normal,10,False
.~.........~......~..:.....~:.....:_.~~..:.....|...~.:~..._:.....:.....|_..~.:|~...|:....:~.~_....~~,Tachy,14,Normal,10,False
~......_......_..~~..|.~.....|.....:_..__..:~~...||.......|.....:~.....~:.~_...:....~|.....|........,Tachy,12,Normal,10,False
...~.~...~.~.....~..~:_...|~~.:..._..:.~..~|._....~:.~..~:.....|.....~:....~|~~.__.:~~......|...~~.~,Tachy,12,Normal,10,False
...._..._....~.~_..........|.._...|_..._|.~...:_.~....|_....||....|..|.......:..._...|.~.....|~.....,Tachy,12,Normal,10,False
......_.._.~..._~.~~..|._~::._.~.|~.~~.|~__.~:_...:..~...:~.~....:~.~...:..~~:_.~.~.:....~~:.._._~..,Tachy,13,Normal,10,False
....~..........|.....:.....:.~...~::..._.|..~._.|.....:......|....~:~...~|.~...|..~..|~...~:..~..~..,Tachy,14,Normal,10,False
....._........:.~..|.....~|.~.~..~:.......|..~.~_|_....|......:~..~~.:_.....|...~~.|......~:...._...,Tachy,12,Normal,10,False
......_........~.....:.....:._...:..~...:.~....|.~_.._:__...|.._.~.:..._~.:...~..|~....::...._:...._,Tachy,13,Normal,9,False
..~..~~...~.~...|...~..|...~.~:..~...|....~.:.~.~~.|_.....|...~~.|~.~...:...~.~|~.~.~_:~.~.~_|..~~..,Tachy,12,Tachy,14,True
.....~.._..~............_:...._:....~:....:.._.|.....:...~.:....~|._..~|.....:.....|....:_..||....~.,Tachy,14,Normal,9,False
~~.~~_.....~_:~._..|~...~..|.....|....~|.~~.:....:..~.|....~:_~...|~.~..:.~..|...~.|._...:.~.~......,Tachy,14,Normal,10,False
....._...~~..~.........~.|.....:...~.:.~._~~|~..._.|.._~_|_....:._.|.:~..|~|._..~|...._|..~.~.|._...,Tachy,14,Normal,10,False
